lr-AdamW,step,val_loss_clf,val_acc,val_loss_total,epoch,train_loss_clf,train_acc,train_loss_total
0.00011999999999999988,0,,,,,,,
,91,2.775157928466797,0.21652130782604218,2.775157928466797,0,,,
,91,,,,0,2.9004244804382324,0.1009153351187706,2.9004244804382324
0.00012032006900215006,92,,,,,,,
,183,2.58044695854187,0.2436531037092209,2.58044695854187,1,,,
,183,,,,1,2.784581422805786,0.14686691761016846,2.784581422805786
0.00012128013372503547,184,,,,,,,
,275,2.3961057662963867,0.2600290775299072,2.3961057662963867,2,,,
,275,,,,2,2.6444036960601807,0.1834886372089386,2.6444036960601807
0.0001228797673812152,276,,,,,,,
,367,2.277796983718872,0.2919089198112488,2.277796983718872,3,,,
,367,,,,3,2.495957136154175,0.2182580679655075,2.495957136154175
0.00012511825886909458,368,,,,,,,
,459,2.1955363750457764,0.32228681445121765,2.1955363750457764,4,,,
,459,,,,4,2.377732753753662,0.2443402260541916,2.377732753753662
0.0001279946130890398,460,,,,,,,
,551,2.0771617889404297,0.356540709733963,2.0771617889404297,5,,,
,551,,,,5,2.2731642723083496,0.2792326509952545,2.2731642723083496
0.00013150755138573687,552,,,,,,,
,643,2.0084152221679688,0.3737887740135193,2.0084152221679688,6,,,
,643,,,,6,2.1913886070251465,0.29466649889945984,2.1913886070251465
0.00013565551211661012,644,,,,,,,
,735,1.956209421157837,0.38604649901390076,1.956209421157837,7,,,
,735,,,,7,2.134936571121216,0.3101195991039276,2.134936571121216
0.00014043665134603166,736,,,,,,,
,827,1.9228798151016235,0.3946705460548401,1.9228798151016235,8,,,
,827,,,,8,2.0567362308502197,0.33474740386009216,2.0567362308502197
0.00014584884366502507,828,,,,,,,
,919,1.8501203060150146,0.44055232405662537,1.8501203060150146,9,,,
,919,,,,9,1.997779369354248,0.35367894172668457,1.997779369354248
0.00015188968313609857,920,,,,,,,
,1011,1.8206024169921875,0.43430233001708984,1.8206024169921875,10,,,
,1011,,,,10,1.965561032295227,0.3646295964717865,1.965561032295227
0.00015855648436277712,1012,,,,,,,
,1103,1.7975082397460938,0.4491763710975647,1.7975082397460938,11,,,
,1103,,,,11,1.9185353517532349,0.3778136074542999,1.9185353517532349
0.00016584628368337137,1104,,,,,,,
,1195,1.7494102716445923,0.4491763710975647,1.7494102716445923,12,,,
,1195,,,,12,1.8733824491500854,0.39569786190986633,1.8733824491500854
0.00017375584048844473,1196,,,,,,,
,1287,1.6985034942626953,0.4545542597770691,1.6985034942626953,13,,,
,1287,,,,13,1.838542103767395,0.40677469968795776,1.838542103767395
0.00018228163866139445,1288,,,,,,,
,1379,1.6799049377441406,0.4685562252998352,1.6799049377441406,14,,,
,1379,,,,14,1.765089988708496,0.4264802932739258,1.765089988708496
0.00019141988814150778,1380,,,,,,,
,1471,1.6463676691055298,0.4685562252998352,1.6463676691055298,15,,,
,1471,,,,15,1.7433223724365234,0.4344055652618408,1.7433223724365234
0.00020116652660879392,1472,,,,,,,
,1563,1.606654167175293,0.4748062193393707,1.606654167175293,16,,,
,1563,,,,16,1.700982689857483,0.4510922431945801,1.700982689857483
0.00021151722128985237,1564,,,,,,,
,1655,1.6048405170440674,0.47180232405662537,1.6048405170440674,17,,,
,1655,,,,17,1.653485894203186,0.4686833918094635,1.653485894203186
0.0002224673708839638,1656,,,,,,,
,1747,1.532383680343628,0.5114340782165527,1.532383680343628,18,,,
,1747,,,,18,1.6104079484939575,0.4805834889411926,1.6104079484939575
0.00023401210760855317,1748,,,,,,,
,1839,1.5453544855117798,0.48343023657798767,1.5453544855117798,19,,,
,1839,,,,19,1.5883115530014038,0.4821431338787079,1.5883115530014038
0.0002461462993631155,1840,,,,,,,
,1931,1.5412057638168335,0.4989340901374817,1.5412057638168335,20,,,
,1931,,,,20,1.539038062095642,0.49788016080856323,1.539038062095642
0.00025886455201064177,1932,,,,,,,
,2023,1.5290265083312988,0.512935996055603,1.5290265083312988,21,,,
,2023,,,,21,1.4986752271652222,0.5124894380569458,1.4986752271652222
0.0002721612117755289,2024,,,,,,,
,2115,1.4954845905303955,0.5206879377365112,1.4954845905303955,22,,,
,2115,,,,22,1.4759272336959839,0.5181396007537842,1.4759272336959839
0.0002860303677569118,2116,,,,,,,
,2207,1.5187463760375977,0.5051840543746948,1.5187463760375977,23,,,
,2207,,,,23,1.4352020025253296,0.5281857848167419,1.4352020025253296
0.0003004658545562966,2208,,,,,,,
,2299,1.415546178817749,0.531686007976532,1.415546178817749,24,,,
,2299,,,,24,1.3938056230545044,0.5434955954551697,1.3938056230545044
0.000315461255018328,2300,,,,,,,
,2391,1.4380186796188354,0.5340601205825806,1.4380186796188354,25,,,
,2391,,,,25,1.3808573484420776,0.5510141849517822,1.3808573484420776
0.00033100990308347535,2392,,,,,,,
,2483,1.4553515911102295,0.5698159337043762,1.4553515911102295,26,,,
,2483,,,,26,1.3558952808380127,0.5609238147735596,1.3558952808380127
0.000347104886751362,2484,,,,,,,
,2575,1.4465762376785278,0.5534399151802063,1.4465762376785278,27,,,
,2575,,,,27,1.3173582553863525,0.5710161924362183,1.3173582553863525
0.0003637390511534288,2576,,,,,,,
,2667,1.4110604524612427,0.5519379377365112,1.4110604524612427,28,,,
,2667,,,,28,1.3119269609451294,0.5733050107955933,1.3119269609451294
0.00038090500173356247,2668,,,,,,,
,2759,1.3781158924102783,0.5846899151802063,1.3781158924102783,29,,,
,2759,,,,29,1.2647321224212646,0.5872219800949097,1.2647321224212646
0.0003985951075352731,2760,,,,,,,
,2851,1.3707326650619507,0.5558139681816101,1.3707326650619507,30,,,
,2851,,,,30,1.227435827255249,0.6027015447616577,1.227435827255249
0.00041680150459396,2852,,,,,,,
,2943,1.3125730752944946,0.5861918330192566,1.3125730752944946,31,,,
,2943,,,,31,1.2071807384490967,0.607170581817627,1.2071807384490967
0.00043551609943276405,2944,,,,,,,
,3035,1.3176285028457642,0.632945716381073,1.3176285028457642,32,,,
,3035,,,,32,1.1894766092300415,0.6130751967430115,1.1894766092300415
0.0004547305726604399,3036,,,,,,,
,3127,1.3053476810455322,0.614195704460144,1.3053476810455322,33,,,
,3127,,,,33,1.1788039207458496,0.6153278946876526,1.1788039207458496
0.000474436382669665,3128,,,,,,,
,3219,1.3119840621948242,0.5906976461410522,1.3119840621948242,34,,,
,3219,,,,34,1.1519925594329834,0.6244258284568787,1.1519925594329834
0.0004946247694341253,3220,,,,,,,
,3311,1.351454257965088,0.5659399032592773,1.351454257965088,35,,,
,3311,,,,35,1.1355974674224854,0.631812572479248,1.1355974674224854
0.0005152867584027002,3312,,,,,,,
,3403,1.315434455871582,0.5870639681816101,1.315434455871582,36,,,
,3403,,,,36,1.0971245765686035,0.6451034545898438,1.0971245765686035
0.0005364131644890122,3404,,,,,,,
,3495,1.3064286708831787,0.5939437747001648,1.3064286708831787,37,,,
,3495,,,,37,1.0964210033416748,0.6461092829704285,1.0964210033416748
0.0005579945961545689,3496,,,,,,,
,3587,1.279632568359375,0.5984495878219604,1.279632568359375,38,,,
,3587,,,,38,1.0581603050231934,0.6558144092559814,1.0581603050231934
0.0005800214595836771,3588,,,,,,,
,3679,1.2741918563842773,0.6258236169815063,1.2741918563842773,39,,,
,3679,,,,39,1.042850136756897,0.66509610414505,1.042850136756897
0.0006024839629482841,3680,,,,,,,
,3771,1.3562737703323364,0.5659399032592773,1.3562737703323364,40,,,
,3771,,,,40,1.0439836978912354,0.662275493144989,1.0439836978912354
0.0006253721207608387,3772,,,,,,,
,3863,1.2230758666992188,0.611821711063385,1.2230758666992188,41,,,
,3863,,,,41,1.0086307525634766,0.6757532358169556,1.0086307525634766
0.0006486757583132395,3864,,,,,,,
,3955,1.2485523223876953,0.5963178873062134,1.2485523223876953,42,,,
,3955,,,,42,0.9972583651542664,0.6760832667350769,0.9972583651542664
0.0006723845161999069,3956,,,,,,,
,4047,1.2396169900894165,0.5939437747001648,1.2396169900894165,43,,,
,4047,,,,43,0.9607898592948914,0.6894437670707703,0.9607898592948914
0.0006964878549229532,4048,,,,,,,
,4139,1.2587770223617554,0.5909398794174194,1.2587770223617554,44,,,
,4139,,,,44,0.9327425956726074,0.6988983154296875,0.9327425956726074
0.0007209750595774146,4140,,,,,,,
,4231,1.2583602666854858,0.5986918210983276,1.2583602666854858,45,,,
,4231,,,,45,0.9361662864685059,0.6921639442443848,0.9361662864685059
0.0007458352446144591,4232,,,,,,,
,4323,1.0571011304855347,0.6499515771865845,1.0571011304855347,46,,,
,4323,,,,46,0.9121991395950317,0.7089901566505432,0.9121991395950317
0.0007710573586804507,4324,,,,,,,
,4415,1.1320476531982422,0.6210755705833435,1.1320476531982422,47,,,
,4415,,,,47,0.881294846534729,0.716871440410614,0.881294846534729
0.0007966301895297209,4416,,,,,,,
,4507,1.1793686151504517,0.6135659217834473,1.1793686151504517,48,,,
,4507,,,,48,0.874976634979248,0.7190099954605103,0.874976634979248
0.000822542369008865,4508,,,,,,,
,4599,1.176672339439392,0.6171995997428894,1.176672339439392,49,,,
,4599,,,,49,0.8745835423469543,0.7168921828269958,0.8745835423469543
0.0008487823781103405,4600,,,,,,,
,4691,1.1731739044189453,0.6288275122642517,1.1731739044189453,50,,,
,4691,,,,50,0.839453935623169,0.7299885749816895,0.839453935623169
0.0008753385520931353,4692,,,,,,,
,4783,1.0296748876571655,0.671705424785614,1.0296748876571655,51,,,
,4783,,,,51,0.8411762118339539,0.7257434725761414,0.8411762118339539
0.0009021990856682102,4784,,,,,,,
,4875,1.0684148073196411,0.6553294658660889,1.0684148073196411,52,,,
,4875,,,,52,0.8303684592247009,0.7318002581596375,0.8303684592247009
0.0009293520382464291,4876,,,,,,,
,4967,1.1127852201461792,0.6217054128646851,1.1127852201461792,53,,,
,4967,,,,53,0.806862473487854,0.7427536249160767,0.806862473487854
0.0009567853392466294,4968,,,,,,,
,5059,1.1189991235733032,0.6445736289024353,1.1189991235733032,54,,,
,5059,,,,54,0.7994287014007568,0.7444313764572144,0.7994287014007568
0.0009844867934614815,5060,,,,,,,
,5151,1.176877737045288,0.5984495878219604,1.176877737045288,55,,,
,5151,,,,55,0.7877092957496643,0.7491030097007751,0.7877092957496643
0.0010124440864787516,5152,,,,,,,
,5243,1.1291615962982178,0.6413275003433228,1.1291615962982178,56,,,
,5243,,,,56,0.7820969223976135,0.748638391494751,0.7820969223976135
0.001040644790155552,5244,,,,,,,
,5335,1.076049566268921,0.5978198051452637,1.076049566268921,57,,,
,5335,,,,57,0.7721667885780334,0.7501046657562256,0.7721667885780334
0.001069076368143153,5336,,,,,,,
,5427,1.0480905771255493,0.6624515652656555,1.0480905771255493,58,,,
,5427,,,,58,0.7582323551177979,0.7591609358787537,0.7582323551177979
0.0010977261814598932,5428,,,,,,,
,5519,1.050136685371399,0.6546996235847473,1.050136685371399,59,,,
,5519,,,,59,0.7331182956695557,0.764614999294281,0.7331182956695557
0.0011265814941097167,5520,,,,,,,
,5611,1.017306923866272,0.6788275241851807,1.017306923866272,60,,,
,5611,,,,60,0.7382816076278687,0.7644851207733154,0.7382816076278687
0.0011556294787438378,5612,,,,,,,
,5703,1.0001111030578613,0.6624515652656555,1.0001111030578613,61,,,
,5703,,,,61,0.7063305974006653,0.7701998353004456,0.7063305974006653
0.0011848572223630096,5704,,,,,,,
,5795,1.054437279701233,0.6273255944252014,1.054437279701233,62,,,
,5795,,,,62,0.7080561518669128,0.772581934928894,0.7080561518669128
0.001214251732057879,5796,,,,,,,
,5887,1.0237367153167725,0.6630814075469971,1.0237367153167725,63,,,
,5887,,,,63,0.709717869758606,0.7739381194114685,0.709717869758606
0.0012437999407848533,5888,,,,,,,
,5979,0.967097282409668,0.6523255705833435,0.967097282409668,64,,,
,5979,,,,64,0.700065016746521,0.7740119695663452,0.700065016746521
0.0012734887131749283,5980,,,,,,,
,6071,1.0277807712554932,0.6585755944252014,1.0277807712554932,65,,,
,6071,,,,65,0.6696381568908691,0.7857149839401245,0.6696381568908691
0.0013033048513728907,6072,,,,,,,
,6163,1.0922000408172607,0.6570736169815063,1.0922000408172607,66,,,
,6163,,,,66,0.6580809354782104,0.7902233600616455,0.6580809354782104
0.0013332351009042941,6164,,,,,,,
,6255,0.9302535057067871,0.7107073664665222,0.9302535057067871,67,,,
,6255,,,,67,0.6552788019180298,0.791187584400177,0.6552788019180298
0.0013632661565676093,6256,,,,,,,
,6347,0.927010715007782,0.6857073903083801,0.927010715007782,68,,,
,6347,,,,68,0.6576317548751831,0.7873862385749817,0.6576317548751831
0.0013933846683489195,6348,,,,,,,
,6439,0.9713427424430847,0.6630814075469971,0.9713427424430847,69,,,
,6439,,,,69,0.634148359298706,0.79599928855896,0.634148359298706
0.0014235772473565416,6440,,,,,,,
,6531,0.9661124348640442,0.7145833373069763,0.9661124348640442,70,,,
,6531,,,,70,0.640387773513794,0.7968258857727051,0.640387773513794
0.001453830471772926,6532,,,,,,,
,6623,0.9617270231246948,0.7223352789878845,0.9617270231246948,71,,,
,6623,,,,71,0.6275940537452698,0.8000619411468506,0.6275940537452698
0.0014841308928211974,6624,,,,,,,
,6715,0.8976532220840454,0.7020833492279053,0.8976532220840454,72,,,
,6715,,,,72,0.6278315186500549,0.796935498714447,0.6278315186500549
0.0015144650407436751,6716,,,,,,,
,6807,0.999934196472168,0.700581431388855,0.999934196472168,73,,,
,6807,,,,73,0.6154466867446899,0.8017056584358215,0.6154466867446899
0.0015448194307897253,6808,,,,,,,
,6899,0.9445548057556152,0.6725775003433228,0.9445548057556152,74,,,
,6899,,,,74,0.6104452610015869,0.8032297492027283,0.6104452610015869
0.0015751805692102746,6900,,,,,,,
,6991,0.9555290341377258,0.7059593200683594,0.9555290341377258,75,,,
,6991,,,,75,0.5999773144721985,0.8089025616645813,0.5999773144721985
0.0016055349592563248,6992,,,,,,,
,7083,1.01560378074646,0.6919573545455933,1.01560378074646,76,,,
,7083,,,,76,0.5975838899612427,0.8065897226333618,0.5975838899612427
0.0016358691071788026,7084,,,,,,,
,7175,1.009942650794983,0.659205436706543,1.009942650794983,77,,,
,7175,,,,77,0.5793655514717102,0.8161463141441345,0.5793655514717102
0.0016661695282270737,7176,,,,,,,
,7267,0.9296594858169556,0.6967054605484009,0.9296594858169556,78,,,
,7267,,,,78,0.5834543108940125,0.8150880336761475,0.5834543108940125
0.0016964227526434584,7268,,,,,,,
,7359,0.854535698890686,0.7160853147506714,0.854535698890686,79,,,
,7359,,,,79,0.5725712776184082,0.8181652426719666,0.5725712776184082
0.00172661533165108,7360,,,,,,,
,7451,0.928880512714386,0.6934593319892883,0.928880512714386,80,,,
,7451,,,,80,0.5719565749168396,0.8141677379608154,0.5719565749168396
0.0017567338434323905,7452,,,,,,,
,7543,0.9950698018074036,0.7253391146659851,0.9950698018074036,81,,,
,7543,,,,81,0.5884835124015808,0.810421884059906,0.5884835124015808
0.0017867648990957054,7544,,,,,,,
,7635,0.8459272384643555,0.7199612259864807,0.8459272384643555,82,,,
,7635,,,,82,0.5440608263015747,0.8274707794189453,0.5440608263015747
0.001816695148627109,7636,,,,,,,
,7727,1.045159101486206,0.6943314075469971,1.045159101486206,83,,,
,7727,,,,83,0.5509889721870422,0.8223139047622681,0.5509889721870422
0.0018465112868250712,7728,,,,,,,
,7819,0.9222205877304077,0.700339138507843,0.9222205877304077,84,,,
,7819,,,,84,0.5439512133598328,0.825835645198822,0.5439512133598328
0.0018762000592151464,7820,,,,,,,
,7911,0.8122639656066895,0.7175871729850769,0.8122639656066895,85,,,
,7911,,,,85,0.5541720986366272,0.824258029460907,0.5541720986366272
0.0019057482679421206,7912,,,,,,,
,8003,0.784865140914917,0.74021315574646,0.784865140914917,86,,,
,8003,,,,86,0.5449374914169312,0.8259480595588684,0.5449374914169312
0.0019351427776369903,8004,,,,,,,
,8095,0.9757478833198547,0.6997092962265015,0.9757478833198547,87,,,
,8095,,,,87,0.5314267873764038,0.8290898203849792,0.5314267873764038
0.0019643705212561624,8096,,,,,,,
,8187,0.8788596987724304,0.7074612379074097,0.8788596987724304,88,,,
,8187,,,,88,0.5273527503013611,0.8296407461166382,0.5273527503013611
0.001993418505890283,8188,,,,,,,
,8279,0.8758312463760376,0.6979650855064392,0.8758312463760376,89,,,
,8279,,,,89,0.5330474972724915,0.8298432230949402,0.5330474972724915
0.0020222738185401066,8280,,,,,,,
,8371,0.9276453256607056,0.731589138507843,0.9276453256607056,90,,,
,8371,,,,90,0.5233508348464966,0.8353498578071594,0.5233508348464966
0.002050923631856847,8372,,,,,,,
,8463,0.981336772441864,0.669331431388855,0.981336772441864,91,,,
,8463,,,,91,0.5044906139373779,0.8373607397079468,0.5044906139373779
0.002079355209844448,8464,,,,,,,
,8555,0.8425742983818054,0.7277131676673889,0.8425742983818054,92,,,
,8555,,,,92,0.5218974351882935,0.8349797129631042,0.5218974351882935
0.0021075559135212483,8556,,,,,,,
,8647,0.9259823560714722,0.7137112021446228,0.9259823560714722,93,,,
,8647,,,,93,0.5085219144821167,0.8392432928085327,0.5085219144821167
0.0021355132065385184,8648,,,,,,,
,8739,0.9580583572387695,0.7292150855064392,0.9580583572387695,94,,,
,8739,,,,94,0.5191822052001953,0.8349380493164062,0.5191822052001953
0.0021632146607533705,8740,,,,,,,
,8831,0.9866531491279602,0.671705424785614,0.9866531491279602,95,,,
,8831,,,,95,0.503678023815155,0.8403497934341431,0.503678023815155
0.0021906479617535704,8832,,,,,,,
,8923,0.9160479307174683,0.7160853147506714,0.9160479307174683,96,,,
,8923,,,,96,0.513841450214386,0.8380087614059448,0.513841450214386
0.002217800914331789,8924,,,,,,,
,9015,0.9485027194023132,0.7098352909088135,0.9485027194023132,97,,,
,9015,,,,97,0.49625465273857117,0.8389252424240112,0.49625465273857117
0.002244661447906865,9016,,,,,,,
,9107,1.009399652481079,0.6975775361061096,1.009399652481079,98,,,
,9107,,,,98,0.49286016821861267,0.8414536118507385,0.49286016821861267
0.0022712176218896594,9108,,,,,,,
,9199,0.8991398811340332,0.7262111902236938,0.8991398811340332,99,,,
,9199,,,,99,0.5013570189476013,0.8389201164245605,0.5013570189476013
0.0022974576309911354,9200,,,,,,,
,9291,1.1030352115631104,0.6671996116638184,1.1030352115631104,100,,,
,9291,,,,100,0.47721558809280396,0.8477296829223633,0.47721558809280396
0.002323369810470279,9292,,,,,,,
,9383,0.7598247528076172,0.7640988230705261,0.7598247528076172,101,,,
,9383,,,,101,0.4912370443344116,0.8430805802345276,0.4912370443344116
0.0023489426413195492,9384,,,,,,,
,9475,0.8508275747299194,0.7509689927101135,0.8508275747299194,102,,,
,9475,,,,102,0.49978429079055786,0.8410556316375732,0.49978429079055786
0.002374164755385541,9476,,,,,,,
,9567,0.8647348284721375,0.74021315574646,0.8647348284721375,103,,,
,9567,,,,103,0.4664013087749481,0.850898265838623,0.4664013087749481
0.0023990249404225853,9568,,,,,,,
,9659,0.863180935382843,0.7447189688682556,0.863180935382843,104,,,
,9659,,,,104,0.47841352224349976,0.84695965051651,0.47841352224349976
0.002423512145077047,9660,,,,,,,
,9751,0.7978479862213135,0.7720929980278015,0.7978479862213135,105,,,
,9751,,,,105,0.47992902994155884,0.846676230430603,0.47992902994155884
0.002447615483800093,9752,,,,,,,
,9843,0.8461662530899048,0.7432170510292053,0.8461662530899048,106,,,
,9843,,,,106,0.462581604719162,0.8546232581138611,0.462581604719162
0.00247132424168676,9844,,,,,,,
,9935,0.862801194190979,0.7473353147506714,0.862801194190979,107,,,
,9935,,,,107,0.4600532650947571,0.852627158164978,0.4600532650947571
0.0024946278792391608,9936,,,,,,,
,10027,0.8646575808525085,0.7292150855064392,0.8646575808525085,108,,,
,10027,,,,108,0.4619434177875519,0.8541575074195862,0.4619434177875519
0.0025175160370517155,10028,,,,,,,
,10119,0.8315556645393372,0.7330910563468933,0.8315556645393372,109,,,
,10119,,,,109,0.44359707832336426,0.858070433139801,0.44359707832336426
0.0025399785404163233,10120,,,,,,,
,10211,0.9276739358901978,0.7277131676673889,0.9276739358901978,110,,,
,10211,,,,110,0.46105876564979553,0.8501938581466675,0.46105876564979553
0.002562005403845431,10212,,,,,,,
,10303,0.7781402468681335,0.7837209105491638,0.7781402468681335,111,,,
,10303,,,,111,0.44089004397392273,0.8601932525634766,0.44089004397392273
0.0025835868355109878,10304,,,,,,,
,10395,0.8829063177108765,0.7378391027450562,0.8829063177108765,112,,,
,10395,,,,112,0.4446662366390228,0.8584285378456116,0.4446662366390228
0.0026047132415972997,10396,,,,,,,
,10487,0.8630350232124329,0.7610949277877808,0.8630350232124329,113,,,
,10487,,,,113,0.43272170424461365,0.8626900911331177,0.43272170424461365
0.0026253752305658742,10488,,,,,,,
,10579,0.8369614481925964,0.7447189688682556,0.8369614481925964,114,,,
,10579,,,,114,0.4351198375225067,0.8604145646095276,0.4351198375225067
0.0026455636173303345,10580,,,,,,,
,10671,0.9241096377372742,0.7152131795883179,0.9241096377372742,115,,,
,10671,,,,115,0.4312514364719391,0.8607580065727234,0.4312514364719391
0.00266526942733956,10672,,,,,,,
,10763,0.9660179018974304,0.730087161064148,0.9660179018974304,116,,,
,10763,,,,116,0.4296456277370453,0.8638833165168762,0.4296456277370453
0.002684483900567236,10764,,,,,,,
,10855,0.8170843124389648,0.7565891146659851,0.8170843124389648,117,,,
,10855,,,,117,0.42815253138542175,0.8622021079063416,0.42815253138542175
0.0027031984954060395,10856,,,,,,,
,10947,0.746329665184021,0.7539728879928589,0.746329665184021,118,,,
,10947,,,,118,0.42643678188323975,0.8652595281600952,0.42643678188323975
0.0027214048924647264,10948,,,,,,,
,11039,0.7398344874382019,0.7822189927101135,0.7398344874382019,119,,,
,11039,,,,119,0.4162382185459137,0.865742564201355,0.4162382185459137
0.002739094998266437,11040,,,,,,,
,11131,0.8714723587036133,0.7470930218696594,0.8714723587036133,120,,,
,11131,,,,120,0.4180910289287567,0.8662568926811218,0.4180910289287567
0.002756260948846571,11132,,,,,,,
,11223,0.8356719017028809,0.7393410801887512,0.8356719017028809,121,,,
,11223,,,,121,0.4221676290035248,0.8668460249900818,0.4221676290035248
0.0027728951132486384,11224,,,,,,,
,11315,0.7619799971580505,0.7488371729850769,0.7619799971580505,122,,,
,11315,,,,122,0.4096708297729492,0.8703199028968811,0.4096708297729492
0.002788990096916525,11316,,,,,,,
,11407,0.7403281927108765,0.7619670629501343,0.7403281927108765,123,,,
,11407,,,,123,0.395214319229126,0.8739337921142578,0.395214319229126
0.002804538744981672,11408,,,,,,,
,11499,0.8004871606826782,0.7580910921096802,0.8004871606826782,124,,,
,11499,,,,124,0.4055122435092926,0.8704732656478882,0.4055122435092926
0.002819534145443704,11500,,,,,,,
,11591,0.7214692831039429,0.7658430337905884,0.7214692831039429,125,,,
,11591,,,,125,0.39076343178749084,0.8754308223724365,0.39076343178749084
0.002833969632243088,11592,,,,,,,
,11683,0.7996950745582581,0.7783430218696594,0.7996950745582581,126,,,
,11683,,,,126,0.39698097109794617,0.8715824484825134,0.39698097109794617
0.002847838788224471,11684,,,,,,,
,11775,0.9087797403335571,0.7557170391082764,0.9087797403335571,127,,,
,11775,,,,127,0.3912524878978729,0.8775081634521484,0.3912524878978729
0.002861135447989358,11776,,,,,,,
,11867,0.7088883519172668,0.7813469171524048,0.7088883519172668,128,,,
,11867,,,,128,0.3810431659221649,0.8801721930503845,0.3810431659221649
0.002873853700636884,11868,,,,,,,
,11959,0.7953758239746094,0.7735949754714966,0.7953758239746094,129,,,
,11959,,,,129,0.3871413767337799,0.8795907497406006,0.3871413767337799
0.0028859878923914468,11960,,,,,,,
,12051,0.80084627866745,0.7720929980278015,0.80084627866745,130,,,
,12051,,,,130,0.38754725456237793,0.876045286655426,0.38754725456237793
0.002897532629116036,12052,,,,,,,
,12143,0.7969299554824829,0.7479650974273682,0.7969299554824829,131,,,
,12143,,,,131,0.37659958004951477,0.8786913752555847,0.37659958004951477
0.0029084827787101476,12144,,,,,,,
,12235,0.7392628192901611,0.7682170271873474,0.7392628192901611,132,,,
,12235,,,,132,0.37668466567993164,0.8782755136489868,0.37668466567993164
0.002918833473391206,12236,,,,,,,
,12327,0.7688506245613098,0.7759689688682556,0.7688506245613098,133,,,
,12327,,,,133,0.38034966588020325,0.8794809579849243,0.38034966588020325
0.002928580111858492,12328,,,,,,,
,12419,0.8630205392837524,0.7432170510292053,0.8630205392837524,134,,,
,12419,,,,134,0.3703983724117279,0.8806878328323364,0.3703983724117279
0.002937718361338605,12420,,,,,,,
,12511,0.6760096549987793,0.7985949516296387,0.6760096549987793,135,,,
,12511,,,,135,0.3549076020717621,0.8856733441352844,0.3549076020717621
0.002946244159511555,12512,,,,,,,
,12603,0.8425931930541992,0.7494670152664185,0.8425931930541992,136,,,
,12603,,,,136,0.35318079590797424,0.8889846205711365,0.35318079590797424
0.0029541537163166286,12604,,,,,,,
,12695,0.7544508576393127,0.7750968933105469,0.7544508576393127,137,,,
,12695,,,,137,0.3613806366920471,0.8861815333366394,0.3613806366920471
0.002961443515637223,12696,,,,,,,
,12787,0.7851681709289551,0.7440891265869141,0.7851681709289551,138,,,
,12787,,,,138,0.3581164479255676,0.8846503496170044,0.3581164479255676
0.0029681103168639014,12788,,,,,,,
,12879,0.7101226449012756,0.7720929980278015,0.7101226449012756,139,,,
,12879,,,,139,0.35296398401260376,0.8890441060066223,0.35296398401260376
0.002974151156334975,12880,,,,,,,
,12971,0.7743626832962036,0.7828488349914551,0.7743626832962036,140,,,
,12971,,,,140,0.3513900637626648,0.8856611847877502,0.3513900637626648
0.0029795633486539683,12972,,,,,,,
,13063,0.7425256967544556,0.7580910921096802,0.7425256967544556,141,,,
,13063,,,,141,0.35007381439208984,0.890234112739563,0.35007381439208984
0.00298434448788339,13064,,,,,,,
,13155,0.7692487835884094,0.7658430337905884,0.7692487835884094,142,,,
,13155,,,,142,0.3427179157733917,0.8907697200775146,0.3427179157733917
0.002988492448614263,13156,,,,,,,
,13247,0.6305032968521118,0.7938469052314758,0.6305032968521118,143,,,
,13247,,,,143,0.33870795369148254,0.8909624814987183,0.33870795369148254
0.00299200538691096,13248,,,,,,,
,13339,0.6637400388717651,0.8125969171524048,0.6637400388717651,144,,,
,13339,,,,144,0.3313544988632202,0.893425464630127,0.3313544988632202
0.002994881741130905,13340,,,,,,,
,13431,0.6540755033493042,0.7858527302742004,0.6540755033493042,145,,,
,13431,,,,145,0.3264772295951843,0.8941106796264648,0.3264772295951843
0.0029971202326187847,13432,,,,,,,
,13523,0.7108126878738403,0.7673449516296387,0.7108126878738403,146,,,
,13523,,,,146,0.33845070004463196,0.8925286531448364,0.33845070004463196
0.0029987198662749645,13524,,,,,,,
,13615,0.5983014702796936,0.8311046361923218,0.5983014702796936,147,,,
,13615,,,,147,0.34168246388435364,0.8907834887504578,0.34168246388435364
0.0029996799309978503,13616,,,,,,,
,13707,0.591476321220398,0.8078488111495972,0.591476321220398,148,,,
,13707,,,,148,0.33363667130470276,0.893694281578064,0.33363667130470276
0.003,13708,,,,,,,
,13799,0.7385950684547424,0.7798449397087097,0.7385950684547424,149,,,
,13799,,,,149,0.3305271863937378,0.8957237601280212,0.3305271863937378
0.0029999395744980096,13800,,,,,,,
,13891,0.7173892855644226,0.7899709343910217,0.7173892855644226,150,,,
,13891,,,,150,0.33230966329574585,0.8971498012542725,0.33230966329574585
0.00299975830286038,13892,,,,,,,
,13983,0.8382892608642578,0.7580910921096802,0.8382892608642578,151,,,
,13983,,,,151,0.3099271059036255,0.901387631893158,0.3099271059036255
0.0029994561996917416,13984,,,,,,,
,14075,0.672788143157959,0.791472852230072,0.672788143157959,152,,,
,14075,,,,152,0.3135630786418915,0.9004246592521667,0.3135630786418915
0.00299903328933184,14076,,,,,,,
,14167,0.7402852773666382,0.7774709463119507,0.7402852773666382,153,,,
,14167,,,,153,0.3219974935054779,0.8973553776741028,0.3219974935054779
0.002998489605853573,14168,,,,,,,
,14259,0.649409294128418,0.8039728403091431,0.649409294128418,154,,,
,14259,,,,154,0.30817911028862,0.9017050862312317,0.30817911028862
0.002997825193060244,14260,,,,,,,
,14351,0.7342954277992249,0.752713143825531,0.7342954277992249,155,,,
,14351,,,,155,0.3102758228778839,0.9033116102218628,0.3102758228778839
0.002997040104482037,14352,,,,,,,
,14443,0.697921097278595,0.7658430337905884,0.697921097278595,156,,,
,14443,,,,156,0.30174145102500916,0.9043185710906982,0.30174145102500916
0.0029961344033717,14444,,,,,,,
,14535,0.7026292085647583,0.8033429980278015,0.7026292085647583,157,,,
,14535,,,,157,0.2961699962615967,0.9057416319847107,0.2961699962615967
0.0029951081626994496,14536,,,,,,,
,14627,0.7425304651260376,0.750339150428772,0.7425304651260376,158,,,
,14627,,,,158,0.30268800258636475,0.9052703380584717,0.30268800258636475
0.0029939614651470947,14628,,,,,,,
,14719,0.6310874223709106,0.8296027183532715,0.6310874223709106,159,,,
,14719,,,,159,0.2962530851364136,0.9052930474281311,0.2962530851364136
0.0029926944031013715,14720,,,,,,,
,14811,0.7734156847000122,0.7947189807891846,0.7734156847000122,160,,,
,14811,,,,160,0.2986805737018585,0.9049907326698303,0.2986805737018585
0.0029913070786465015,14812,,,,,,,
,14903,0.70082688331604,0.7750968933105469,0.70082688331604,161,,,
,14903,,,,161,0.3032000660896301,0.9064422845840454,0.3032000660896301
0.0029897996035559687,14904,,,,,,,
,14995,0.7509327530860901,0.7619670629501343,0.7509327530860901,162,,,
,14995,,,,162,0.2976223826408386,0.9075109362602234,0.2976223826408386
0.0029881720992835092,14996,,,,,,,
,15087,0.6503769159317017,0.8140988349914551,0.6503769159317017,163,,,
,15087,,,,163,0.2850764989852905,0.9101329445838928,0.2850764989852905
0.0029864246969533315,15088,,,,,,,
,15179,0.6318934559822083,0.8063468933105469,0.6318934559822083,164,,,
,15179,,,,164,0.2851080298423767,0.9091017842292786,0.2851080298423767
0.00298455753734955,15180,,,,,,,
,15271,0.6775606870651245,0.7938469052314758,0.6775606870651245,165,,,
,15271,,,,165,0.2766278088092804,0.9108659029006958,0.2766278088092804
0.0029825707709048416,15272,,,,,,,
,15363,0.5934739112854004,0.820348858833313,0.5934739112854004,166,,,
,15363,,,,166,0.2809009850025177,0.9087618589401245,0.2809009850025177
0.0029804645576883256,15364,,,,,,,
,15455,0.6158126592636108,0.7985949516296387,0.6158126592636108,167,,,
,15455,,,,167,0.28327715396881104,0.9097260236740112,0.28327715396881104
0.002978239067392669,15456,,,,,,,
,15547,0.5292066335678101,0.8444766998291016,0.5292066335678101,168,,,
,15547,,,,168,0.27703338861465454,0.9124879837036133,0.27703338861465454
0.002975894479320413,15548,,,,,,,
,15639,0.6831479072570801,0.8087209463119507,0.6831479072570801,169,,,
,15639,,,,169,0.26553183794021606,0.9160941243171692,0.26553183794021606
0.002973430982369529,15640,,,,,,,
,15731,0.6130937337875366,0.831346869468689,0.6130937337875366,170,,,
,15731,,,,170,0.26628997921943665,0.9148136377334595,0.26628997921943665
0.0029708487750181966,15732,,,,,,,
,15823,0.6846542954444885,0.8242248296737671,0.6846542954444885,171,,,
,15823,,,,171,0.2805955708026886,0.9094337821006775,0.2805955708026886
0.002968148065308816,15824,,,,,,,
,15915,0.6953827738761902,0.8140988349914551,0.6953827738761902,172,,,
,15915,,,,172,0.2659984827041626,0.9147539138793945,0.2659984827041626
0.002965329070831243,15916,,,,,,,
,16007,0.6485480666160583,0.8265988230705261,0.6485480666160583,173,,,
,16007,,,,173,0.26493680477142334,0.9163447022438049,0.26493680477142334
0.002962392018705262,16008,,,,,,,
,16099,0.6692960262298584,0.7869670391082764,0.6692960262298584,174,,,
,16099,,,,174,0.26383131742477417,0.9169518351554871,0.26383131742477417
0.002959337145562286,16100,,,,,,,
,16191,0.6971508860588074,0.8063468933105469,0.6971508860588074,175,,,
,16191,,,,175,0.2586516737937927,0.9170322418212891,0.2586516737937927
0.0029561646975262887,16192,,,,,,,
,16283,0.6522965431213379,0.8250969052314758,0.6522965431213379,176,,,
,16283,,,,176,0.2619224488735199,0.9169521927833557,0.2619224488735199
0.00295287493019398,16284,,,,,,,
,16375,0.6712168455123901,0.8039728403091431,0.6712168455123901,177,,,
,16375,,,,177,0.258584201335907,0.9184693694114685,0.258584201335907
0.0029494681086142103,16376,,,,,,,
,16467,0.5843046307563782,0.7970930337905884,0.5843046307563782,178,,,
,16467,,,,178,0.25069549679756165,0.9182631969451904,0.25069549679756165
0.0029459445072666157,16468,,,,,,,
,16559,0.7040312886238098,0.8164728283882141,0.7040312886238098,179,,,
,16559,,,,179,0.247276172041893,0.9187302589416504,0.247276172041893
0.0029423044100395064,16560,,,,,,,
,16651,0.7593101263046265,0.800096869468689,0.7593101263046265,180,,,
,16651,,,,180,0.25885191559791565,0.9182031154632568,0.25885191559791565
0.002938548110206991,16652,,,,,,,
,16743,0.7111455202102661,0.7938469052314758,0.7111455202102661,181,,,
,16743,,,,181,0.24388255178928375,0.9213483929634094,0.24388255178928375
0.0029346759104053512,16744,,,,,,,
,16835,0.7919320464134216,0.7690891027450562,0.7919320464134216,182,,,
,16835,,,,182,0.24608176946640015,0.9199046492576599,0.24608176946640015
0.0029306881226086566,16836,,,,,,,
,16927,0.6459285020828247,0.8102228045463562,0.6459285020828247,183,,,
,16927,,,,183,0.2470930516719818,0.9213250875473022,0.2470930516719818
0.0029265850681036328,16928,,,,,,,
,17019,0.7093077898025513,0.7845929861068726,0.7093077898025513,184,,,
,17019,,,,184,0.24879632890224457,0.9205374121665955,0.24879632890224457
0.0029223670774637714,17020,,,,,,,
,17111,0.6642622947692871,0.8218507766723633,0.6642622947692871,185,,,
,17111,,,,185,0.25489547848701477,0.9199483394622803,0.25489547848701477
0.0029180344905227027,17112,,,,,,,
,17203,0.6946967840194702,0.791472852230072,0.6946967840194702,186,,,
,17203,,,,186,0.239262193441391,0.9252227544784546,0.239262193441391
0.0029135876563468094,17204,,,,,,,
,17295,0.5819705724716187,0.8421027064323425,0.5819705724716187,187,,,
,17295,,,,187,0.23132702708244324,0.9251168370246887,0.23132702708244324
0.0029090269332071083,17296,,,,,,,
,17387,0.6364644169807434,0.8149709701538086,0.6364644169807434,188,,,
,17387,,,,188,0.2424202263355255,0.9237500429153442,0.2424202263355255
0.002904352688550382,17388,,,,,,,
,17479,0.6257215738296509,0.8149709701538086,0.6257215738296509,189,,,
,17479,,,,189,0.23719339072704315,0.9248272180557251,0.23719339072704315
0.0028995652989695776,17480,,,,,,,
,17571,0.6711198091506958,0.8054748773574829,0.6711198091506958,190,,,
,17571,,,,190,0.23901981115341187,0.9220308661460876,0.23901981115341187
0.0028946651501734616,17572,,,,,,,
,17663,0.5854153633117676,0.8406007885932922,0.5854153633117676,191,,,
,17663,,,,191,0.2404336780309677,0.9228183031082153,0.2404336780309677
0.002889652636955549,17664,,,,,,,
,17755,0.6252821087837219,0.820348858833313,0.6252821087837219,192,,,
,17755,,,,192,0.22552528977394104,0.9284379482269287,0.22552528977394104
0.002884528163162291,17756,,,,,,,
,17847,0.6062864065170288,0.8319767117500305,0.6062864065170288,193,,,
,17847,,,,193,0.22486543655395508,0.9285581111907959,0.22486543655395508
0.002879292141660541,17848,,,,,,,
,17939,0.5219672322273254,0.8474805951118469,0.5219672322273254,194,,,
,17939,,,,194,0.22930696606636047,0.9298689961433411,0.22930696606636047
0.0028739449943042897,17940,,,,,,,
,18031,0.5395291447639465,0.849224865436554,0.5395291447639465,195,,,
,18031,,,,195,0.2285516858100891,0.9254682064056396,0.2285516858100891
0.002868487151900678,18032,,,,,,,
,18123,0.6198570132255554,0.8156007528305054,0.6198570132255554,196,,,
,18123,,,,196,0.2202875018119812,0.9291315078735352,0.2202875018119812
0.0028629190541752886,18124,,,,,,,
,18215,0.618090033531189,0.8319767117500305,0.618090033531189,197,,,
,18215,,,,197,0.2318951040506363,0.9262229800224304,0.2318951040506363
0.0028572411497367147,18216,,,,,,,
,18307,0.5845108032226562,0.8072189092636108,0.5845108032226562,198,,,
,18307,,,,198,0.22016935050487518,0.9295892715454102,0.22016935050487518
0.002851453896040421,18308,,,,,,,
,18399,0.6209491491317749,0.8265988230705261,0.6209491491317749,199,,,
,18399,,,,199,0.2135196030139923,0.9321140646934509,0.2135196030139923
0.002845557759351887,18400,,,,,,,
,18491,0.7569928169250488,0.800096869468689,0.7569928169250488,200,,,
,18491,,,,200,0.21966159343719482,0.9298343658447266,0.21966159343719482
0.002839553214709037,18492,,,,,,,
,18583,0.6709400415420532,0.7822189927101135,0.6709400415420532,201,,,
,18583,,,,201,0.2215450406074524,0.9276689887046814,0.2215450406074524
0.0028334407458839713,18584,,,,,,,
,18675,0.653052031993866,0.8257266879081726,0.653052031993866,202,,,
,18675,,,,202,0.22220945358276367,0.9292893409729004,0.22220945358276367
0.0028272208453439906,18676,,,,,,,
,18767,0.7115251421928406,0.8218507766723633,0.7115251421928406,203,,,
,18767,,,,203,0.2159602791070938,0.930805504322052,0.2159602791070938
0.002820894014211916,18768,,,,,,,
,18859,0.5025702714920044,0.8421027064323425,0.5025702714920044,204,,,
,18859,,,,204,0.21827051043510437,0.928985059261322,0.21827051043510437
0.002814460762225715,18860,,,,,,,
,18951,0.5275694131851196,0.8343507647514343,0.5275694131851196,205,,,
,18951,,,,205,0.2194521427154541,0.9317938089370728,0.2194521427154541
0.002807921607697436,18952,,,,,,,
,19043,0.6344625949859619,0.7992247939109802,0.6344625949859619,206,,,
,19043,,,,206,0.19950515031814575,0.9366480708122253,0.19950515031814575
0.002801277077471446,19044,,,,,,,
,19135,0.6622888445854187,0.7923449277877808,0.6622888445854187,207,,,
,19135,,,,207,0.21707887947559357,0.9302451014518738,0.21707887947559357
0.0027945277068819854,19136,,,,,,,
,19227,0.6013359427452087,0.8078488111495972,0.6013359427452087,208,,,
,19227,,,,208,0.21133680641651154,0.933695375919342,0.21133680641651154
0.0027876740397100377,19228,,,,,,,
,19319,0.5441483855247498,0.8334787487983704,0.5441483855247498,209,,,
,19319,,,,209,0.2021222859621048,0.9353622198104858,0.2021222859621048
0.002780716628139517,19320,,,,,,,
,19411,0.653490424156189,0.801598846912384,0.653490424156189,210,,,
,19411,,,,210,0.21216954290866852,0.9321956634521484,0.21216954290866852
0.0027736560327127815,19412,,,,,,,
,19503,0.6175364255905151,0.8164728283882141,0.6175364255905151,211,,,
,19503,,,,211,0.201328307390213,0.9352373480796814,0.201328307390213
0.0027664928222854695,19504,,,,,,,
,19595,0.6322051286697388,0.8218507766723633,0.6322051286697388,212,,,
,19595,,,,212,0.20199884474277496,0.9338658452033997,0.20199884474277496
0.0027592275739806724,19596,,,,,,,
,19687,0.5549154281616211,0.791472852230072,0.5549154281616211,213,,,
,19687,,,,213,0.2002522498369217,0.9345566630363464,0.2002522498369217
0.0027518608731424317,19688,,,,,,,
,19779,0.5421636700630188,0.8164728283882141,0.5421636700630188,214,,,
,19779,,,,214,0.19109266996383667,0.9384055137634277,0.19109266996383667
0.002744393313288584,19780,,,,,,,
,19871,0.5175575017929077,0.842974841594696,0.5175575017929077,215,,,
,19871,,,,215,0.197870135307312,0.9366382956504822,0.197870135307312
0.0027368254960629377,19872,,,,,,,
,19963,0.5713798999786377,0.8095930218696594,0.5713798999786377,216,,,
,19963,,,,216,0.20265129208564758,0.9353253841400146,0.20265129208564758
0.002729158031186807,19964,,,,,,,
,20055,0.6181852221488953,0.7923449277877808,0.6181852221488953,217,,,
,20055,,,,217,0.1888352483510971,0.9398053884506226,0.1888352483510971
0.0027213915364098797,20056,,,,,,,
,20147,0.6517279744148254,0.8382266759872437,0.6517279744148254,218,,,
,20147,,,,218,0.19073396921157837,0.9387618899345398,0.19073396921157837
0.002713526637460455,20148,,,,,,,
,20239,0.6599575281143188,0.8257266879081726,0.6599575281143188,219,,,
,20239,,,,219,0.19127003848552704,0.9393499493598938,0.19127003848552704
0.002705563967995022,20240,,,,,,,
,20331,0.5804337859153748,0.8397287130355835,0.5804337859153748,220,,,
,20331,,,,220,0.1946464329957962,0.9380248188972473,0.1946464329957962
0.002697504169547214,20332,,,,,,,
,20423,0.7186324000358582,0.8054748773574829,0.7186324000358582,221,,,
,20423,,,,221,0.18806397914886475,0.9396543502807617,0.18806397914886475
0.0026893478914761177,20424,,,,,,,
,20515,0.694983959197998,0.8140988349914551,0.694983959197998,222,,,
,20515,,,,222,0.1847187876701355,0.9411817193031311,0.1847187876701355
0.002681095790913957,20516,,,,,,,
,20607,0.734513521194458,0.7977228760719299,0.734513521194458,223,,,
,20607,,,,223,0.19444668292999268,0.9374368190765381,0.19444668292999268
0.00267274853271315,20608,,,,,,,
,20699,0.6678327322006226,0.8132266998291016,0.6678327322006226,224,,,
,20699,,,,224,0.18586724996566772,0.9418076276779175,0.18586724996566772
0.0026643067893927434,20700,,,,,,,
,20791,0.641150951385498,0.8031007647514343,0.641150951385498,225,,,
,20791,,,,225,0.1866828054189682,0.9398876428604126,0.1866828054189682
0.002655771241084227,20792,,,,,,,
,20883,0.6449024081230164,0.817974865436554,0.6449024081230164,226,,,
,20883,,,,226,0.17244653403759003,0.9451961517333984,0.17244653403759003
0.0026471425754767417,20884,,,,,,,
,20975,0.600827693939209,0.8257266879081726,0.600827693939209,227,,,
,20975,,,,227,0.18781855702400208,0.9417588114738464,0.18781855702400208
0.0026384214877616676,20976,,,,,,,
,21067,0.595761775970459,0.8373546600341797,0.595761775970459,228,,,
,21067,,,,228,0.17885372042655945,0.9447835087776184,0.17885372042655945
0.0026296086805766205,21068,,,,,,,
,21159,0.5768357515335083,0.8522287607192993,0.5768357515335083,229,,,
,21159,,,,229,0.17400750517845154,0.9442758560180664,0.17400750517845154
0.0026207048639488376,21160,,,,,,,
,21251,0.5924647450447083,0.8132266998291016,0.5924647450447083,230,,,
,21251,,,,230,0.18080465495586395,0.9426729679107666,0.18080465495586395
0.002611710755237974,21252,,,,,,,
,21343,0.6254005432128906,0.8186046481132507,0.6254005432128906,231,,,
,21343,,,,231,0.18317542970180511,0.9415948987007141,0.18317542970180511
0.0026026270790783066,21344,,,,,,,
,21435,0.5902813076972961,0.8233526945114136,0.5902813076972961,232,,,
,21435,,,,232,0.174888014793396,0.9436158537864685,0.174888014793396
0.002593454567320353,21436,,,,,,,
,21527,0.6090103983879089,0.8397287130355835,0.6090103983879089,233,,,
,21527,,,,233,0.18353089690208435,0.9394584894180298,0.18353089690208435
0.0025841939589719043,21528,,,,,,,
,21619,0.5605698227882385,0.8349806070327759,0.5605698227882385,234,,,
,21619,,,,234,0.17281655967235565,0.9440326690673828,0.17281655967235565
0.0025748460001384903,21620,,,,,,,
,21711,0.613925576210022,0.8507267236709595,0.613925576210022,235,,,
,21711,,,,235,0.1793103665113449,0.9415817856788635,0.1793103665113449
0.0025654114439632634,21712,,,,,,,
,21803,0.6305606365203857,0.8048449754714966,0.6305606365203857,236,,,
,21803,,,,236,0.17040948569774628,0.9451307654380798,0.17040948569774628
0.002555891050566321,21804,,,,,,,
,21895,0.5682856440544128,0.8507267236709595,0.5682856440544128,237,,,
,21895,,,,237,0.17803016304969788,0.942492663860321,0.17803016304969788
0.0025462855869834654,21896,,,,,,,
,21987,0.5581277012825012,0.8289728164672852,0.5581277012825012,238,,,
,21987,,,,238,0.16983872652053833,0.9459105730056763,0.16983872652053833
0.002536595827104403,21988,,,,,,,
,22079,0.6095213890075684,0.8265988230705261,0.6095213890075684,239,,,
,22079,,,,239,0.16412568092346191,0.9470744132995605,0.16412568092346191
0.0025268225516103977,22080,,,,,,,
,22171,0.5353100895881653,0.8281008005142212,0.5353100895881653,240,,,
,22171,,,,240,0.1705917865037918,0.9441778659820557,0.1705917865037918
0.0025169665479113684,22172,,,,,,,
,22263,0.6001561284065247,0.8459787368774414,0.6001561284065247,241,,,
,22263,,,,241,0.16967536509037018,0.945979654788971,0.16967536509037018
0.0025070286100824534,22264,,,,,,,
,22355,0.6269256472587585,0.8373546600341797,0.6269256472587585,242,,,
,22355,,,,242,0.16686049103736877,0.9453333020210266,0.16686049103736877
0.002497009538800031,22356,,,,,,,
,22447,0.5533483624458313,0.8102228045463562,0.5533483624458313,243,,,
,22447,,,,243,0.1625591665506363,0.947507917881012,0.1625591665506363
0.0024869101412772136,22448,,,,,,,
,22539,0.4947306513786316,0.8319767117500305,0.4947306513786316,244,,,
,22539,,,,244,0.16162265837192535,0.947023332118988,0.16162265837192535
0.0024767312311988077,22540,,,,,,,
,22631,0.5869488716125488,0.8319767117500305,0.5869488716125488,245,,,
,22631,,,,245,0.15951694548130035,0.9489808082580566,0.15951694548130035
0.0024664736286557636,22632,,,,,,,
,22723,0.6599674820899963,0.8054748773574829,0.6599674820899963,246,,,
,22723,,,,246,0.15750227868556976,0.9483597874641418,0.15750227868556976
0.0024561381600790963,22724,,,,,,,
,22815,0.5494332313537598,0.817974865436554,0.5494332313537598,247,,,
,22815,,,,247,0.15465034544467926,0.9484732747077942,0.15465034544467926
0.0024457256581733064,22816,,,,,,,
,22907,0.7380434274673462,0.7938469052314758,0.7380434274673462,248,,,
,22907,,,,248,0.1505262404680252,0.9526048898696899,0.1505262404680252
0.0024352369618492894,22908,,,,,,,
,22999,0.5048863291740417,0.8319767117500305,0.5048863291740417,249,,,
,22999,,,,249,0.16236759722232819,0.9461228251457214,0.16236759722232819
0.0024246729161567456,23000,,,,,,,
,23091,0.5497695207595825,0.8507267236709595,0.5497695207595825,250,,,
,23091,,,,250,0.16361702978610992,0.9483653903007507,0.16361702978610992
0.002414034372216099,23092,,,,,,,
,23183,0.5619473457336426,0.8459787368774414,0.5619473457336426,251,,,
,23183,,,,251,0.15369799733161926,0.9510217905044556,0.15369799733161926
0.0024033221871499217,23184,,,,,,,
,23275,0.5314868688583374,0.8569766879081726,0.5314868688583374,252,,,
,23275,,,,252,0.15536436438560486,0.9494010806083679,0.15536436438560486
0.002392537224013879,23276,,,,,,,
,23367,0.5572436451911926,0.8459787368774414,0.5572436451911926,253,,,
,23367,,,,253,0.16280272603034973,0.9488198757171631,0.16280272603034973
0.002381680351727196,23368,,,,,,,
,23459,0.6222482919692993,0.8039728403091431,0.6222482919692993,254,,,
,23459,,,,254,0.14779871702194214,0.9522977471351624,0.14779871702194214
0.0023707524450026483,23460,,,,,,,
,23551,0.5578429102897644,0.8156007528305054,0.5578429102897644,255,,,
,23551,,,,255,0.15222373604774475,0.9514654278755188,0.15222373604774475
0.0023597543842760905,23552,,,,,,,
,23643,0.667136549949646,0.8022287487983704,0.667136549949646,256,,,
,23643,,,,256,0.14603206515312195,0.950769305229187,0.14603206515312195
0.0023486870556355204,23644,,,,,,,
,23735,0.6443203091621399,0.830474853515625,0.6443203091621399,257,,,
,23735,,,,257,0.15379205346107483,0.9500818848609924,0.15379205346107483
0.00233755135074969,23736,,,,,,,
,23827,0.6229842305183411,0.8257266879081726,0.6229842305183411,258,,,
,23827,,,,258,0.14746573567390442,0.951301634311676,0.14746573567390442
0.0023263481667962654,23828,,,,,,,
,23919,0.5303394198417664,0.830474853515625,0.5303394198417664,259,,,
,23919,,,,259,0.14197099208831787,0.9538642168045044,0.14197099208831787
0.002315078406389542,23920,,,,,,,
,24011,0.5773619413375854,0.820348858833313,0.5773619413375854,260,,,
,24011,,,,260,0.14643654227256775,0.9530139565467834,0.14643654227256775
0.002303742977507725,24012,,,,,,,
,24103,0.5596680641174316,0.8149709701538086,0.5596680641174316,261,,,
,24103,,,,261,0.14592444896697998,0.9526253342628479,0.14592444896697998
0.002292342793419776,24104,,,,,,,
,24195,0.5007361173629761,0.8421027064323425,0.5007361173629761,262,,,
,24195,,,,262,0.14323221147060394,0.955608606338501,0.14323221147060394
0.0022808787726118288,24196,,,,,,,
,24287,0.4939463138580322,0.8546026945114136,0.4939463138580322,263,,,
,24287,,,,263,0.14360417425632477,0.9526956081390381,0.14360417425632477
0.002269351838713195,24288,,,,,,,
,24379,0.4923623502254486,0.859980583190918,0.4923623502254486,264,,,
,24379,,,,264,0.13534493744373322,0.9567624926567078,0.13534493744373322
0.002257762920421946,24380,,,,,,,
,24471,0.5137407183647156,0.8498546481132507,0.5137407183647156,265,,,
,24471,,,,265,0.14606709778308868,0.9537324905395508,0.14606709778308868
0.0022461129514300894,24472,,,,,,,
,24563,0.4947434961795807,0.8546026945114136,0.4947434961795807,266,,,
,24563,,,,266,0.13627125322818756,0.956203043460846,0.13627125322818756
0.002234402870348347,24564,,,,,,,
,24655,0.5631808042526245,0.8483527302742004,0.5631808042526245,267,,,
,24655,,,,267,0.1395590901374817,0.9556166529655457,0.1395590901374817
0.002222633620630528,24656,,,,,,,
,24747,0.571700394153595,0.8414728045463562,0.571700394153595,268,,,
,24747,,,,268,0.13836513459682465,0.9543358087539673,0.13836513459682465
0.0022108061504975234,24748,,,,,,,
,24839,0.5283530950546265,0.8367248773574829,0.5283530950546265,269,,,
,24839,,,,269,0.1382935643196106,0.9560340642929077,0.1382935643196106
0.002198921412860903,24840,,,,,,,
,24931,0.5051385760307312,0.842974841594696,0.5051385760307312,270,,,
,24931,,,,270,0.13700619339942932,0.9562326073646545,0.13700619339942932
0.0021869803652461487,24932,,,,,,,
,25023,0.5402476191520691,0.8257266879081726,0.5402476191520691,271,,,
,25023,,,,271,0.1349540650844574,0.9571357369422913,0.1349540650844574
0.0021749839697155033,25024,,,,,,,
,25115,0.5996971130371094,0.8242248296737671,0.5996971130371094,272,,,
,25115,,,,272,0.1368190199136734,0.9551700949668884,0.1368190199136734
0.0021629331927904625,25116,,,,,,,
,25207,0.5856068730354309,0.8390988111495972,0.5856068730354309,273,,,
,25207,,,,273,0.13011834025382996,0.9585154056549072,0.13011834025382996
0.0021508290053739026,25208,,,,,,,
,25299,0.6184577941894531,0.811724841594696,0.6184577941894531,274,,,
,25299,,,,274,0.13407106697559357,0.9580519795417786,0.13407106697559357
0.00213867238267186,25300,,,,,,,
,25391,0.5600250959396362,0.8334787487983704,0.5600250959396362,275,,,
,25391,,,,275,0.13369086384773254,0.9562872052192688,0.13369086384773254
0.002126464304114957,25392,,,,,,,
,25483,0.5595449209213257,0.8281008005142212,0.5595449209213257,276,,,
,25483,,,,276,0.13747073709964752,0.9551572203636169,0.13747073709964752
0.0021142057532794957,25484,,,,,,,
,25575,0.6504325866699219,0.8140988349914551,0.6504325866699219,277,,,
,25575,,,,277,0.13320276141166687,0.9572008848190308,0.13320276141166687
0.00210189771780821,25576,,,,,,,
,25667,0.6020748019218445,0.8326066136360168,0.6020748019218445,278,,,
,25667,,,,278,0.12582524120807648,0.9584903120994568,0.12582524120807648
0.0020895411893306955,25668,,,,,,,
,25759,0.5759116411209106,0.8483527302742004,0.5759116411209106,279,,,
,25759,,,,279,0.12651513516902924,0.9598032832145691,0.12651513516902924
0.0020771371633835165,25760,,,,,,,
,25851,0.46265920996665955,0.8638566136360168,0.46265920996665955,280,,,
,25851,,,,280,0.12439858168363571,0.959233283996582,0.12439858168363571
0.0020646866393299957,25852,,,,,,,
,25943,0.5225180387496948,0.841230571269989,0.5225180387496948,281,,,
,25943,,,,281,0.12654800713062286,0.9590768814086914,0.12654800713062286
0.002052190620279701,25944,,,,,,,
,26035,0.7159743309020996,0.8164728283882141,0.7159743309020996,282,,,
,26035,,,,282,0.1271393746137619,0.9586993455886841,0.1271393746137619
0.002039650113007624,26036,,,,,,,
,26127,0.5609183311462402,0.8584787249565125,0.5609183311462402,283,,,
,26127,,,,283,0.12635159492492676,0.9602260589599609,0.12635159492492676
0.00202706612787307,26128,,,,,,,
,26219,0.49989375472068787,0.8382266759872437,0.49989375472068787,284,,,
,26219,,,,284,0.12348925322294235,0.9596045613288879,0.12348925322294235
0.0020144396787382516,26220,,,,,,,
,26311,0.5002050995826721,0.8584787249565125,0.5002050995826721,285,,,
,26311,,,,285,0.12477637827396393,0.9581962823867798,0.12477637827396393
0.0020017717828866087,26312,,,,,,,
,26403,0.5404731035232544,0.8358527421951294,0.5404731035232544,286,,,
,26403,,,,286,0.11886529624462128,0.9612513780593872,0.11886529624462128
0.001989063460940844,26404,,,,,,,
,26495,0.5272043943405151,0.8382266759872437,0.5272043943405151,287,,,
,26495,,,,287,0.1305219829082489,0.958179235458374,0.1305219829082489
0.0019763157367806987,26496,,,,,,,
,26587,0.46501749753952026,0.8623546361923218,0.46501749753952026,288,,,
,26587,,,,288,0.11662476509809494,0.9638170599937439,0.11662476509809494
0.001963529637460455,26588,,,,,,,
,26679,0.49695220589637756,0.8483527302742004,0.49695220589637756,289,,,
,26679,,,,289,0.11322551220655441,0.9631680846214294,0.11322551220655441
0.001950706193126194,26680,,,,,,,
,26771,0.5064360499382019,0.87010657787323,0.5064360499382019,290,,,
,26771,,,,290,0.11721925437450409,0.9632108807563782,0.11721925437450409
0.001937846436932797,26772,,,,,,,
,26863,0.5475741624832153,0.8257266879081726,0.5475741624832153,291,,,
,26863,,,,291,0.11534438282251358,0.9628908038139343,0.11534438282251358
0.001924951404960705,26864,,,,,,,
,26955,0.4770798087120056,0.8483527302742004,0.4770798087120056,292,,,
,26955,,,,292,0.11788557469844818,0.9624996781349182,0.11788557469844818
0.0019120221361324484,26956,,,,,,,
,27047,0.5748028755187988,0.830474853515625,0.5748028755187988,293,,,
,27047,,,,293,0.11350110173225403,0.9625765085220337,0.11350110173225403
0.0018990596721289391,27048,,,,,,,
,27139,0.5816171765327454,0.8039728403091431,0.5816171765327454,294,,,
,27139,,,,294,0.12341918796300888,0.9584711194038391,0.12341918796300888
0.0018860650573055474,27140,,,,,,,
,27231,0.5871279835700989,0.8367248773574829,0.5871279835700989,295,,,
,27231,,,,295,0.11583913117647171,0.9612081050872803,0.11583913117647171
0.0018730393386079596,27232,,,,,,,
,27323,0.6084399223327637,0.8171027302742004,0.6084399223327637,296,,,
,27323,,,,296,0.10533919930458069,0.9641706347465515,0.10533919930458069
0.001859983565487827,27324,,,,,,,
,27415,0.5195854306221008,0.8483527302742004,0.5195854306221008,297,,,
,27415,,,,297,0.1084645539522171,0.9645152688026428,0.1084645539522171
0.0018468987898182187,27416,,,,,,,
,27507,0.5261675119400024,0.8531007766723633,0.5261675119400024,298,,,
,27507,,,,298,0.10813648998737335,0.9654456377029419,0.10813648998737335
0.0018337860658088677,27508,,,,,,,
,27599,0.5113968849182129,0.8593508005142212,0.5113968849182129,299,,,
,27599,,,,299,0.10952480882406235,0.963314414024353,0.10952480882406235
0.0018206464499212417,27600,,,,,,,
,27691,0.5041376948356628,0.8421027064323425,0.5041376948356628,300,,,
,27691,,,,300,0.1100926548242569,0.9640268683433533,0.1100926548242569
0.001807481000783423,27692,,,,,,,
,27783,0.5585760474205017,0.8561046719551086,0.5585760474205017,301,,,
,27783,,,,301,0.10605182498693466,0.9665979743003845,0.10605182498693466
0.0017942907791048176,27784,,,,,,,
,27875,0.5882705450057983,0.8367248773574829,0.5882705450057983,302,,,
,27875,,,,302,0.11329077184200287,0.9640904068946838,0.11329077184200287
0.0017810768475906996,27876,,,,,,,
,27967,0.45232734084129333,0.8444766998291016,0.45232734084129333,303,,,
,27967,,,,303,0.10280707478523254,0.9667529463768005,0.10280707478523254
0.0017678402708565862,27968,,,,,,,
,28059,0.5092414021492004,0.8686046600341797,0.5092414021492004,304,,,
,28059,,,,304,0.10211537033319473,0.9673571586608887,0.10211537033319473
0.0017545821153424686,28060,,,,,,,
,28151,0.5573161244392395,0.8561046719551086,0.5573161244392395,305,,,
,28151,,,,305,0.1082720160484314,0.9649507403373718,0.1082720160484314
0.0017413034492268899,28152,,,,,,,
,28243,0.5280219316482544,0.8647287487983704,0.5280219316482544,306,,,
,28243,,,,306,0.10522978752851486,0.9666523337364197,0.10522978752851486
0.0017280053423408836,28244,,,,,,,
,28335,0.5422207117080688,0.8546026945114136,0.5422207117080688,307,,,
,28335,,,,307,0.10269380360841751,0.9661849141120911,0.10269380360841751
0.0017146888660817799,28336,,,,,,,
,28427,0.4850902557373047,0.8864825963973999,0.4850902557373047,308,,,
,28427,,,,308,0.10306473821401596,0.9670905470848083,0.10306473821401596
0.0017013550933268882,28428,,,,,,,
,28519,0.5398367643356323,0.8763566017150879,0.5398367643356323,309,,,
,28519,,,,309,0.10506588965654373,0.9666013121604919,0.10506588965654373
0.001688005098347055,28520,,,,,,,
,28611,0.6271483302116394,0.8397287130355835,0.6271483302116394,310,,,
,28611,,,,310,0.10273444652557373,0.967399001121521,0.10273444652557373
0.001674639956720113,28612,,,,,,,
,28703,0.6335675120353699,0.8227227926254272,0.6335675120353699,311,,,
,28703,,,,311,0.10383518040180206,0.966386079788208,0.10383518040180206
0.0016612607452442265,28704,,,,,,,
,28795,0.5886784791946411,0.8576065897941589,0.5886784791946411,312,,,
,28795,,,,312,0.0946766585111618,0.9692290425300598,0.0946766585111618
0.001647868541851132,28796,,,,,,,
,28887,0.5153223872184753,0.8546026945114136,0.5153223872184753,313,,,
,28887,,,,313,0.09760817885398865,0.9688571691513062,0.09760817885398865
0.0016344644255192969,28888,,,,,,,
,28979,0.5654367208480835,0.8397287130355835,0.5654367208480835,314,,,
,28979,,,,314,0.09510942548513412,0.9692859053611755,0.09510942548513412
0.0016210494761869844,28980,,,,,,,
,29071,0.6198499798774719,0.8421027064323425,0.6198499798774719,315,,,
,29071,,,,315,0.09604673832654953,0.9686459302902222,0.09604673832654953
0.0016076247746652482,29072,,,,,,,
,29163,0.7105634212493896,0.8319767117500305,0.7105634212493896,316,,,
,29163,,,,316,0.09485387057065964,0.9703514575958252,0.09485387057065964
0.001594191402550853,29164,,,,,,,
,29255,0.6823040246963501,0.8265988230705261,0.6823040246963501,317,,,
,29255,,,,317,0.09502992033958435,0.9696064591407776,0.09502992033958435
0.0015807504421391319,29256,,,,,,,
,29347,0.5633944272994995,0.8507267236709595,0.5633944272994995,318,,,
,29347,,,,318,0.09010723978281021,0.970387876033783,0.09010723978281021
0.0015673029763367903,29348,,,,,,,
,29439,0.6457196474075317,0.8444766998291016,0.6457196474075317,319,,,
,29439,,,,319,0.09541074186563492,0.9689021706581116,0.09541074186563492
0.0015538500885746577,29440,,,,,,,
,29531,0.5467341542243958,0.8561046719551086,0.5467341542243958,320,,,
,29531,,,,320,0.08958014845848083,0.9711012244224548,0.08958014845848083
0.001540392862720397,29532,,,,,,,
,29623,0.5275879502296448,0.8671027421951294,0.5275879502296448,321,,,
,29623,,,,321,0.08521894365549088,0.9723267555236816,0.08521894365549088
0.001526932382991183,29624,,,,,,,
,29715,0.6052838563919067,0.8584787249565125,0.6052838563919067,322,,,
,29715,,,,322,0.08865794539451599,0.9717251062393188,0.08865794539451599
0.0015134697338663457,29716,,,,,,,
,29807,0.5570073127746582,0.8546026945114136,0.5570073127746582,323,,,
,29807,,,,323,0.08583471179008484,0.9732456207275391,0.08583471179008484
0.001500006,29808,,,,,,,
,29899,0.5000451803207397,0.8686046600341797,0.5000451803207397,324,,,
,29899,,,,324,0.0896693766117096,0.9713144898414612,0.0896693766117096
0.001486542266133654,29900,,,,,,,
,29991,0.5449597239494324,0.8647287487983704,0.5449597239494324,325,,,
,29991,,,,325,0.09207939356565475,0.9706761240959167,0.09207939356565475
0.001473079617008817,29992,,,,,,,
,30083,0.49525508284568787,0.872480571269989,0.49525508284568787,326,,,
,30083,,,,326,0.09441051632165909,0.9701862931251526,0.09441051632165909
0.001459619137279603,30084,,,,,,,
,30175,0.5165635347366333,0.8367248773574829,0.5165635347366333,327,,,
,30175,,,,327,0.08487682044506073,0.9727251529693604,0.08487682044506073
0.0014461619114253424,30176,,,,,,,
,30267,0.6295231580734253,0.7992247939109802,0.6295231580734253,328,,,
,30267,,,,328,0.08605565875768661,0.9729214906692505,0.08605565875768661
0.0014327090236632102,30268,,,,,,,
,30359,0.5039312243461609,0.8522287607192993,0.5039312243461609,329,,,
,30359,,,,329,0.08815055340528488,0.9732555747032166,0.08815055340528488
0.0014192615578608682,30360,,,,,,,
,30451,0.589439868927002,0.8483527302742004,0.589439868927002,330,,,
,30451,,,,330,0.0862213596701622,0.9731473326683044,0.0862213596701622
0.0014058205974491471,30452,,,,,,,
,30543,0.46742916107177734,0.8483527302742004,0.46742916107177734,331,,,
,30543,,,,331,0.08492270112037659,0.9723392128944397,0.08492270112037659
0.0013923872253347514,30544,,,,,,,
,30635,0.5686854720115662,0.859980583190918,0.5686854720115662,332,,,
,30635,,,,332,0.08512628078460693,0.9736052751541138,0.08512628078460693
0.0013789625238130156,30636,,,,,,,
,30727,0.5305573344230652,0.8498546481132507,0.5305573344230652,333,,,
,30727,,,,333,0.08573314547538757,0.9731268286705017,0.08573314547538757
0.0013655475744807032,30728,,,,,,,
,30819,0.6474432945251465,0.8421027064323425,0.6474432945251465,334,,,
,30819,,,,334,0.08501622825860977,0.9729093909263611,0.08501622825860977
0.001352143458148868,30820,,,,,,,
,30911,0.5988951921463013,0.8459787368774414,0.5988951921463013,335,,,
,30911,,,,335,0.08440457284450531,0.9732041954994202,0.08440457284450531
0.0013387512547557738,30912,,,,,,,
,31003,0.5936022996902466,0.8358527421951294,0.5936022996902466,336,,,
,31003,,,,336,0.07487259805202484,0.9757758975028992,0.07487259805202484
0.0013253720432798868,31004,,,,,,,
,31095,0.6636091470718384,0.8468507528305054,0.6636091470718384,337,,,
,31095,,,,337,0.08337879180908203,0.9727261662483215,0.08337879180908203
0.0013120069016529447,31096,,,,,,,
,31187,0.5504339337348938,0.8576065897941589,0.5504339337348938,338,,,
,31187,,,,338,0.07818535715341568,0.9751743078231812,0.07818535715341568
0.001298656906673112,31188,,,,,,,
,31279,0.5293329954147339,0.8421027064323425,0.5293329954147339,339,,,
,31279,,,,339,0.08470036089420319,0.972818911075592,0.08470036089420319
0.0012853231339182202,31280,,,,,,,
,31371,0.5869481563568115,0.8459787368774414,0.5869481563568115,340,,,
,31371,,,,340,0.0759807899594307,0.9753494262695312,0.0759807899594307
0.0012720066576591166,31372,,,,,,,
,31463,0.5420613884925842,0.8623546361923218,0.5420613884925842,341,,,
,31463,,,,341,0.07707752287387848,0.9751597046852112,0.07707752287387848
0.0012587085507731104,31464,,,,,,,
,31555,0.5920454263687134,0.8584787249565125,0.5920454263687134,342,,,
,31555,,,,342,0.07683083415031433,0.9758886098861694,0.07683083415031433
0.0012454298846575312,31556,,,,,,,
,31647,0.5332937240600586,0.8677326440811157,0.5332937240600586,343,,,
,31647,,,,343,0.07487834990024567,0.9757519364356995,0.07487834990024567
0.0012321717291434138,31648,,,,,,,
,31739,0.6109301447868347,0.8584787249565125,0.6109301447868347,344,,,
,31739,,,,344,0.07215575128793716,0.9762555360794067,0.07215575128793716
0.0012189351524093002,31740,,,,,,,
,31831,0.5882065892219543,0.859108567237854,0.5882065892219543,345,,,
,31831,,,,345,0.07381636649370193,0.9768624901771545,0.07381636649370193
0.0012057212208951824,31832,,,,,,,
,31923,0.5371279716491699,0.8739826083183289,0.5371279716491699,346,,,
,31923,,,,346,0.07658341526985168,0.9753696322441101,0.07658341526985168
0.0011925309992165771,31924,,,,,,,
,32015,0.5808308124542236,0.8561046719551086,0.5808308124542236,347,,,
,32015,,,,347,0.07061845064163208,0.9772087931632996,0.07061845064163208
0.001179365550078758,32016,,,,,,,
,32107,0.6003695726394653,0.8739826083183289,0.6003695726394653,348,,,
,32107,,,,348,0.07110139727592468,0.9767612814903259,0.07110139727592468
0.0011662259341911321,32108,,,,,,,
,32199,0.5393826365470886,0.8561046719551086,0.5393826365470886,349,,,
,32199,,,,349,0.07232783734798431,0.9759425520896912,0.07232783734798431
0.0011531132101817814,32200,,,,,,,
,32291,0.5347458124160767,0.8748546838760376,0.5347458124160767,350,,,
,32291,,,,350,0.06777945160865784,0.9784632325172424,0.06777945160865784
0.0011400284345121725,32292,,,,,,,
,32383,0.5359856486320496,0.8778585195541382,0.5359856486320496,351,,,
,32383,,,,351,0.06277547031641006,0.9795613288879395,0.06277547031641006
0.001126972661392041,32384,,,,,,,
,32475,0.5190017819404602,0.8662306070327759,0.5190017819404602,352,,,
,32475,,,,352,0.07054107636213303,0.978087306022644,0.07054107636213303
0.0011139469426944529,32476,,,,,,,
,32567,0.5517209768295288,0.8769865036010742,0.5517209768295288,353,,,
,32567,,,,353,0.06561827659606934,0.9791482090950012,0.06561827659606934
0.0011009523278710607,32568,,,,,,,
,32659,0.5190356969833374,0.8802326321601868,0.5190356969833374,354,,,
,32659,,,,354,0.06606504321098328,0.9791759848594666,0.06606504321098328
0.0010879898638675516,32660,,,,,,,
,32751,0.6087592840194702,0.8358527421951294,0.6087592840194702,355,,,
,32751,,,,355,0.06622011959552765,0.9789975881576538,0.06622011959552765
0.001075060595039295,32752,,,,,,,
,32843,0.5058433413505554,0.859108567237854,0.5058433413505554,356,,,
,32843,,,,356,0.06635928899049759,0.9786806702613831,0.06635928899049759
0.0010621655630672032,32844,,,,,,,
,32935,0.5085986852645874,0.8638566136360168,0.5085986852645874,357,,,
,32935,,,,357,0.06313635408878326,0.9806907773017883,0.06313635408878326
0.0010493058068738058,32936,,,,,,,
,33027,0.5351002812385559,0.8614826202392578,0.5351002812385559,358,,,
,33027,,,,358,0.06687064468860626,0.9783607125282288,0.06687064468860626
0.001036482362539545,33028,,,,,,,
,33119,0.5192046761512756,0.871608555316925,0.5192046761512756,359,,,
,33119,,,,359,0.06108833849430084,0.9798367619514465,0.06108833849430084
0.0010236962632193015,33120,,,,,,,
,33211,0.4817201495170593,0.8629844784736633,0.4817201495170593,360,,,
,33211,,,,360,0.06080591306090355,0.9802268743515015,0.06080591306090355
0.0010109485390591558,33212,,,,,,,
,33303,0.5085548162460327,0.8537305593490601,0.5085548162460327,361,,,
,33303,,,,361,0.05873248726129532,0.9820732474327087,0.05873248726129532
0.0009982402171133918,33304,,,,,,,
,33395,0.5112760663032532,0.8498546481132507,0.5112760663032532,362,,,
,33395,,,,362,0.06106945872306824,0.980848491191864,0.06106945872306824
0.0009855723212617489,33396,,,,,,,
,33487,0.5480279326438904,0.8662306070327759,0.5480279326438904,363,,,
,33487,,,,363,0.05763916298747063,0.9816939830780029,0.05763916298747063
0.0009729458721269303,33488,,,,,,,
,33579,0.5290376543998718,0.87010657787323,0.5290376543998718,364,,,
,33579,,,,364,0.058535169810056686,0.9813908934593201,0.058535169810056686
0.0009603618869923763,33580,,,,,,,
,33671,0.5573612451553345,0.8459787368774414,0.5573612451553345,365,,,
,33671,,,,365,0.060038235038518906,0.9804981350898743,0.060038235038518906
0.0009478213797202992,33672,,,,,,,
,33763,0.4692792296409607,0.8888565897941589,0.4692792296409607,366,,,
,33763,,,,366,0.06078194081783295,0.9797700047492981,0.06078194081783295
0.0009353253606700042,33764,,,,,,,
,33855,0.5590905547142029,0.87010657787323,0.5590905547142029,367,,,
,33855,,,,367,0.06013338267803192,0.9798181653022766,0.06013338267803192
0.0009228748366164837,33856,,,,,,,
,33947,0.5549927949905396,0.8802326321601868,0.5549927949905396,368,,,
,33947,,,,368,0.05474819615483284,0.9828850030899048,0.05474819615483284
0.0009104708106693045,33948,,,,,,,
,34039,0.5584923028945923,0.8623546361923218,0.5584923028945923,369,,,
,34039,,,,369,0.05080986022949219,0.9825042486190796,0.05080986022949219
0.0008981142821917902,34040,,,,,,,
,34131,0.5777844786643982,0.8677326440811157,0.5777844786643982,370,,,
,34131,,,,370,0.05637094005942345,0.9814361333847046,0.05637094005942345
0.0008858062467205049,34132,,,,,,,
,34223,0.4962395131587982,0.8623546361923218,0.4962395131587982,371,,,
,34223,,,,371,0.056754857301712036,0.9820367693901062,0.056754857301712036
0.0008735476958850433,34224,,,,,,,
,34315,0.5784521102905273,0.8632267117500305,0.5784521102905273,372,,,
,34315,,,,372,0.05733925849199295,0.9806839227676392,0.05733925849199295
0.0008613396173281403,34316,,,,,,,
,34407,0.5273008346557617,0.8817344903945923,0.5273008346557617,373,,,
,34407,,,,373,0.054640598595142365,0.9826207160949707,0.054640598595142365
0.0008491829946260975,34408,,,,,,,
,34499,0.5195423364639282,0.8942344784736633,0.5195423364639282,374,,,
,34499,,,,374,0.05809733644127846,0.9819110631942749,0.05809733644127846
0.0008370788072095382,34500,,,,,,,
,34591,0.5510181188583374,0.8763566017150879,0.5510181188583374,375,,,
,34591,,,,375,0.05492199584841728,0.981939971446991,0.05492199584841728
0.0008250280302844968,34592,,,,,,,
,34683,0.47253042459487915,0.8787305951118469,0.47253042459487915,376,,,
,34683,,,,376,0.05321096256375313,0.983863115310669,0.05321096256375313
0.0008130316347538515,34684,,,,,,,
,34775,0.5109745264053345,0.8802326321601868,0.5109745264053345,377,,,
,34775,,,,377,0.05032220110297203,0.9834337830543518,0.05032220110297203
0.0008010905871390973,34776,,,,,,,
,34867,0.528102695941925,0.8623546361923218,0.528102695941925,378,,,
,34867,,,,378,0.052733857184648514,0.9829119443893433,0.052733857184648514
0.0007892058495024768,34868,,,,,,,
,34959,0.5730811953544617,0.8856104612350464,0.5730811953544617,379,,,
,34959,,,,379,0.05085959658026695,0.9836900234222412,0.05085959658026695
0.0007773783793694714,34960,,,,,,,
,35051,0.4558924734592438,0.8849805593490601,0.4558924734592438,380,,,
,35051,,,,380,0.05127572640776634,0.9841071367263794,0.05127572640776634
0.0007656091296516537,35052,,,,,,,
,35143,0.49935707449913025,0.8686046600341797,0.49935707449913025,381,,,
,35143,,,,381,0.04828083887696266,0.9845300316810608,0.04828083887696266
0.0007538990485699106,35144,,,,,,,
,35235,0.5748109817504883,0.859980583190918,0.5748109817504883,382,,,
,35235,,,,382,0.05323685705661774,0.9836741089820862,0.05323685705661774
0.0007422490795780542,35236,,,,,,,
,35327,0.5000304579734802,0.8623546361923218,0.5000304579734802,383,,,
,35327,,,,383,0.04946506768465042,0.9839926958084106,0.04946506768465042
0.0007306601612868054,35328,,,,,,,
,35419,0.4674490988254547,0.8623546361923218,0.4674490988254547,384,,,
,35419,,,,384,0.04924656078219414,0.9842501282691956,0.04924656078219414
0.0007191332273881719,35420,,,,,,,
,35511,0.4744768738746643,0.8966085314750671,0.4744768738746643,385,,,
,35511,,,,385,0.04848741739988327,0.9847599267959595,0.04848741739988327
0.0007076692065802246,35512,,,,,,,
,35603,0.5189471244812012,0.8864825963973999,0.5189471244812012,386,,,
,35603,,,,386,0.046981506049633026,0.9846681952476501,0.046981506049633026
0.0006962690224922745,35604,,,,,,,
,35695,0.46095237135887146,0.8841085433959961,0.46095237135887146,387,,,
,35695,,,,387,0.04679174721240997,0.9848299026489258,0.04679174721240997
0.0006849335936104586,35696,,,,,,,
,35787,0.5170758366584778,0.872480571269989,0.5170758366584778,388,,,
,35787,,,,388,0.04735516384243965,0.9850562214851379,0.04735516384243965
0.000673663833203735,35788,,,,,,,
,35879,0.5026940107345581,0.8849805593490601,0.5026940107345581,389,,,
,35879,,,,389,0.04477076977491379,0.9858691096305847,0.04477076977491379
0.0006624606492503097,35880,,,,,,,
,35971,0.5156027674674988,0.8787305951118469,0.5156027674674988,390,,,
,35971,,,,390,0.04321982339024544,0.9869983196258545,0.04321982339024544
0.0006513249443644797,35972,,,,,,,
,36063,0.5267519354820251,0.8584787249565125,0.5267519354820251,391,,,
,36063,,,,391,0.04549671709537506,0.9858171939849854,0.04549671709537506
0.0006402576157239099,36064,,,,,,,
,36155,0.5595459938049316,0.8686046600341797,0.5595459938049316,392,,,
,36155,,,,392,0.04691709578037262,0.9855092167854309,0.04691709578037262
0.0006292595549973516,36156,,,,,,,
,36247,0.5249374508857727,0.8858526945114136,0.5249374508857727,393,,,
,36247,,,,393,0.04646676406264305,0.9848446249961853,0.04646676406264305
0.0006183316482728042,36248,,,,,,,
,36339,0.5471251606941223,0.8864825963973999,0.5471251606941223,394,,,
,36339,,,,394,0.04228474572300911,0.9867179989814758,0.04228474572300911
0.0006074747759861212,36340,,,,,,,
,36431,0.5249543190002441,0.8748546838760376,0.5249543190002441,395,,,
,36431,,,,395,0.045020606368780136,0.9853529930114746,0.045020606368780136
0.0005966898128500784,36432,,,,,,,
,36523,0.6137731671333313,0.8686046600341797,0.6137731671333313,396,,,
,36523,,,,396,0.04254286363720894,0.9864916205406189,0.04254286363720894
0.0005859776277839013,36524,,,,,,,
,36615,0.5739011764526367,0.8802326321601868,0.5739011764526367,397,,,
,36615,,,,397,0.04454737901687622,0.9860767722129822,0.04454737901687622
0.0005753390838432547,36616,,,,,,,
,36707,0.5446699857711792,0.8811046481132507,0.5446699857711792,398,,,
,36707,,,,398,0.0394359827041626,0.9863815903663635,0.0394359827041626
0.0005647750381507109,36708,,,,,,,
,36799,0.5729206800460815,0.8647287487983704,0.5729206800460815,399,,,
,36799,,,,399,0.037841297686100006,0.9872627854347229,0.037841297686100006
0.0005542863418266933,36800,,,,,,,
,36891,0.5888051986694336,0.8951066136360168,0.5888051986694336,400,,,
,36891,,,,400,0.0375787727534771,0.9881581664085388,0.0375787727534771
0.0005438738399209038,36892,,,,,,,
,36983,0.5801542401313782,0.8638566136360168,0.5801542401313782,401,,,
,36983,,,,401,0.04356754198670387,0.9860207438468933,0.04356754198670387
0.0005335383713442368,36984,,,,,,,
,37075,0.585766613483429,0.87010657787323,0.585766613483429,402,,,
,37075,,,,402,0.03538329526782036,0.9882810711860657,0.03538329526782036
0.0005232807688011921,37076,,,,,,,
,37167,0.5501937866210938,0.8739826083183289,0.5501937866210938,403,,,
,37167,,,,403,0.03826360031962395,0.9874382615089417,0.03826360031962395
